id	name	code	cost	suggested	folder
6a8f3489ff4bc0f14e9997ff	قطّاعة ومبشرة المطبخ متعددة الاستخدام 6×1	84Lljqz	155	300	1AgPDBOB0zRavNZe1XiMWZ93CzVT9d0Vk
6aa98263ca38d5013c4be469	شنطة الصيانة بالطاقة الشمسية 2 كشاف	UDC4pP3	630		1VohszgRuFgmKngfXaybkvdIB8pXMC0x_
6aae59d3ca38d5013cf8207e	موبايل celphy c10 القلاب بشريحتين	rTTxWHg	900	1300	1gyd-6uzoEHu3EG9hyCD-z-DvAe1_P_mI
6a9c3d2bc9d99a6b86da4ff6	كشاف الإضاءة المغناطيسي متعدد الاستخدامات	yOgS28x	490	700	1U9B_os4qqUTS2AkV7oi6XXi9Ps0MVFhl
6aa16dfdca38d5013ca5eea5	كرات الكريستال الباردة لمساج الوجه وتقليل التجاعيد	sW8g3A2	180	350	1FWraPH3kFVT4nYtjee-D61xk3czkboGX
6aa816c7ca38d5013cab91ee	دهان حماية المعادن وعزل الصدأ	DKICLqi	190	350	18TdT21RMs3lq09jZkG94BMRgsVzLqhh8
6aa81321ca38d5013caa41fc	مجفف ومعقم الأحذية الحراري 360	AzlqBJz	270	500	1L51z_jkMyG6LarFpyw65kC6BK0SFWj9i
6aaa5a0dca38d5013c7eda9f	حاجب الشمس ووهج الإضاءة للسيارة	iJb82s8	170	350	1o0RxDKBlDyn6Ww1hkZzBmDD-IS7A4HDl
6aa80df0ca38d5013ca7d692	معقم وحافظة فرش الأسنان الذكية بالأشعة uv	xiafOag	380	700	1TlrQS6mG46lfF_gpJBuChuzJ7u3OXyHM
6aaabda9ca38d5013cc254eb	كاشف أجهزة التجسس والكاميرات المخفية الذكي	DrzEfp4	700	1050	1u2XRITOghmFjmPu13Kxwm7d0GFJeBVSN
6aa823c0ca38d5013cb2c43b	المثقاب الكهربائي الدقيق للأعمال اليدوية	d5svT9g	380	700	1ZHQesipHSjBSUlYE5t6vo01cT7X6yU0T
6ab24619ca38d5013cad069c	جهاز طرد وتدريب الكلاب بالموجات الصوتية	Eu4sOUS	710		13O4N2tp7zD4njzMwgWAlxyavE5NQ8lAo
6aae673cca38d5013c02a7a3	موبايل enes k360 الكلاسيكي	BDmXJsc	650	950	1WUkUTdZ7IevHlzw73d5f9kKV0TuS5UAl
6aa839ecca38d5013cba2c87	فرشاة تنظيف ومساج الوجه الذكية	d1ja2qg	380		1IdwkZjKIA4f9vt2Be7kJ0NtI92hIGzZT
6aa98f18ca38d5013c4e571d	نعل المساج المغناطيسي لتحفيز القدم	vSBCxGi	135	250	153UgcqYOVnSWSC3VJQI-WbSqkgay36Cu
69e1350f5a30089224de3469	فرشاة الأسنان الاوتوماتيكية	g6WRd29	270	600	1U7BSsqUo6RqU0VUze2gu96xP-eCrdwfW
688e725bb4f2089d481185f8	جهاز شفط الرؤوس السوداء وتنظيف البشرة بالماء	3ZQriRA	315	500	1b5GqErZGI0z5QwPkpU6PDAml_RsZc39X
694e747fdbe98faafe7dd717	أقراص مياة المساحات وتلميع الزجاج	DiqbIPn	90	200	1G5UK9To569XI5DYxOZuteDZ0VxxoVJ7l
681e11093a87ea85f4c08793	مضخة الميه للسيارات والجناين	eWHmZ8V	700		1uO8v3mTTm2Vb6sIqe_cb4nRvjB-fDBjw
69c1db9dcc2eaa4914727bbd	جهاز التنظيف بالبخار 2026	NUexTPk	1200	1700	1_-8pPX_g1kS1STNN6KTZN608Kqs1xwSz
69e974b7d84fc7e3c9390a70	صاعق الناموس الكهربائي	CQX3dfR	125	300	15fqp16MqkqrqcEmbf_g2MoRU1BQka5qB
67ab95061542b1b28cd628e6	ستارة شبك نور مقاس 3x3	f7iYBdV	330	500	1Oi5wLxlIaCv7CYTXbc4CCEvu6JiMx16p
6a67f7e7a4ea38565147fc40	فرشاة الشعر بالبخار والمساج اللاسلكية	1DMjJIJ	400	700	1V-MO6mGnh1_fk67r7NoK8PJolllLfOx5
69a23f092a87779b4a7849b1	مضخة نقل السوائل والوقود	vSuzMh5	160	300	1DL20gi1FBGa-YrBdeYW_AoQc2lnRJDYQ
693333f7635aba1b6bf60669	كمبروسور الجمل	NvmTARz	980	1300	1Lxo7IzKm_D-IinzZWZK364GfYj-HdqGN
66ec4ecccd332bac60b9c8ba	أقراص تتظيف الغسالة	Imp3oAI	85	150	1itiyHmfOMUc3ZmuBMShR5C4bYWHfVcK8
6806480402fb341d4f438dfb	ستارة الناموس المغناطيسية	sjnmEpO	170	300	15P7Lmgo2jB_erP_TnTOC9oZWQAw0AEW1
6979a0ef91f7563305cf26cb	ماكينة الحلاقة الأمنه دابل هيد للسيدات	dur9ecC	305		15jjupOXWb09aBYdDpkyuysfwrblzNlPw
648783fc6c2eea6c3ea97bed	قواعد تثبيت الغساله (طقم 4 قطع)	UuhXAYT	70		1jLFvx1ExLXlVZNLKT1E9L7uSNgD-ll5G
6904fc9933a765a1dec395c8	جهاز تمرين العقلة المنزلي	oTlVQ7y	390	650	1A98BO2motcdLQcoxE-rJHylpamdsx3N0
699c518014c5513c14666049	كاميرا فحص الاماكن الضيقة	t2gqYyW	550	850	1x_9YNgtzs0ArafSA5-mECgol2IT4TlPn
66c1dc9849e955603d1c618f	ليفة سيلكون	byT2KH2	80		1kVhWl5ivysZ5mWJQju6CxDjTTE0WtgZp
6761c4f4f471e302051c6139	جهاز الركبة الحراري الذكي	36Ep2M1	260	400	1hPCsBSXWGuZP2UxG80TD03cMo-XgQZjX
6a26c45ff6c8815f8da3690b	سماعة miniso x33 للترجمة الفورية الذكية	EAADyOP	710	1200	1ezR3cMQrE7pYwDAOMDyPjRTYWDx7h4zx
69f92fd537a37898c2bb6d68	مسدس المساج 4 غيارات	Ct7qhhE	270	600	1O4dwnB21AnicgygfAwzVBowlatkcKlGu
68504d6bcd2f1d95c32bc2bb	جهاز تنظيف وازالة الاوساخ بالبخار	qkrxVC9	770	1200	1eq4-HPCKiVQjkE5fKW-hksHMd5o9Co2Z
678e45e485e034a4c2cb9243	أباجورة النجوم star master	DNi3AEt	185	300	1t2sN2tHX3aJfrUaLC1XRgDSKwmVY0Ezy
699c5de914c5513c146ceb7d	أقراص تنظيف الكاتيل	wZFvmVc	140		1ovfkpy293TlMPF8yk0RFYzKgyXPm16KG
699b89e814c5513c1424a606	مصيدة صراصير لاصقة	KynP2C2	140	300	1ZkjNq6-RaqvM0v7h80-aSaNJiJ0qSyIs
6987e9fc150f699e76681ad6	كرة الأطفال المضيئة	9JdZ2Lp	185	350	1xDdxhkHCgyS1DpxuL1dt-BbhQpMJrkXz
6a502bfafd268beb6d4a4717	مسدس تثبيت المسامير الاحترافي	sgFgxUz	450	800	1hc_DYIL4qd68EJRBLRwogQSBntBNvlgA
69615044356433dea16f0bd8	جهاز استنشاق البخار ميني	8fTldWR	255	500	1Sji1RGWrHgciiQR1LcOh80QlQr0GyUkJ
66d2071a96739cf4e4be600f	بوكس فوط 20 قطعه	N19DV2e	100	150	19_FOp4xd9mh6VVkOO6-li7ar2NtCWkeo
689288cc8402b3f8826891fd	شنطة الشنيور والعدة المتكاملة	27X5Tef	950	1300	18MvL1l78B9-WMFtyU7OfiAbz_qtFJYij
6766e398f471e3020562371a	كعب التسخين الحراري الذكي	uBe532w	245	400	1IFZxET84XOUo2rQ0RP9wMhRKk-zvM85s
6a2591b7f6c8815f8d17b9fe	حزام التدفئة الذكي لتخفيف آلام الدورة الشهرية	OaoprJr	235	500	1tEKDk1wDjn4c4DB0gBBK3eauh1CDTuAm
6a4f0199fd268beb6dac7b99	مسدس المساج الشامل الذكي	V9FhHRG	405	700	1MTgyM8L5QksjUU9nZrL8JHvdXGeav7nO
68ed97e8d7c301f20576bb7c	دعامة الركبة الذكية	ggUNdKj	150		1PTJ-6YfTPpsHAe8okzC7TbWM6g43jAJg
6a5a7c93ecf12e1a4c80e64a	دولاب الأحذية الحديث | modern shoe cabinet	lajXXjZ	580	1000	17GFwXT2Lg-rl1IEg5mur6TPnNrRHPAWU
67fede2d6cc90c5f0312739a	حزام شداد الضهر الذكي	eRVJtCQ	210		17-aknJEnhIiG2sFoIo0u5jzXxkjrsbUm
6a6127de8a58367936180a95	طقم الصيانة الذكي 46 قطعة	VMF5Sqb	310	500	1LXsXQSh87MUrZm8MClr89cc_-MaGoz97
6a104fcabfc3530e44daee7b	صنارة قلم قابلة للطي	h6hjYza	440	750	10Pfr4WRmhtuO0wO-zORa7ngc12JUTRUg
69c2db1ecc2eaa4914e85916	جهاز مساج الأصابع	NqIezaJ	760	1200	1U26r2Z8j4_8CYv47OR0rpqU9-lUhC8_Z
68a8e1ea189d18298d0e571f	محفظة كروت أوتوماتيكية معدن	MqeGnvZ	85	100	1g7FV2dY7dLE2tkJfl-K4q_87w97ZuCE_
69e16d915a30089224ffefc7	جهاز لحام الاكياس	1coXS56	130	250	1o_-9TNlMLHXJx9UIeeFQzzUhA3FZGv9E
6904eed333a765a1debec058	مخدة الرقبه الهوائية	d1hEIeK	270	500	198cKkxscZg5EnssHUlcTJpiV9aJhvTGl
673744561548cec72d72ac51	جهاز استنشاق بخار محمول	MdyfoIQ	550	800	1N_LwmJtWqUev9Q5jzpulJIFwSBGYTccf
6a7e3e1ddd189c9923cfdf12	لصقات العناية بالدوالي veins	2K9JtZo	115	250	1K4b_LKUpt9OYU8kuPycs2NqbKAcZn9w2
699ba6df14c5513c1427c1b2	اقراص تنظيف غسالة الأطباق	b9V3Uhp	135	250	1UUSVUxjGXXaj10SdxTDIzE_x2uoL9KWh
6709c5a6fa545406806eadaa	ركنة حمام مستورده	SNOHzeK	330	500	1rl3dO5FOO8VgFAv2FQ2AxNqE9o6c1su1
689e5794cea36353d6edde02	مجموعة أربطة المقاومة الرياضية	o3Eetpd	220	400	14RDVt_HYFQQ2Qn_ay_hLmxt-Db1luhRW
686e52293d57f3e4089f9d3b	الشماعة السحرية بالشفط	Ydgsoab	130		1VLqmcL_6miMr-0rQaCGzVt_cjgMdVemy
68109c9c3a87ea85f46b01e9	فرشة تنظيف وتلميع زجاج السيارات السحرية	CEHwE6i	95		1dk_qDMcCsGJ4OodYdhFeklvxK7N_7BAi
6a257713f6c8815f8dfab84c	كابل الشحن الذكي 2x1 المغناطيسي	E9kivpj	210	350	1ONcXWqOZZVRdR0BBfhKz2Rc_RmHMUYHs
68a98f3a189d18298d2578fd	عصفور طائر للقطط والحيوانات الأليفة	Aa5WISq	260		1lrndR-QIDzIF6Hy5fQ9qmStbthJuvhAu
68a87e21189d18298df54f6b	دسبنسر مياه بقاعدة	XaJCUVI	360	500	14O0Q70VtpoGpL-F0_Ij-4OFE7wfSFmYd
6a32b77a5c185c62adc3c76c	لاصقات كنوكي لإزالة السموم	N4ScV7B	115	250	1707RhBcM9NwlymaYaSLe7rgTuiVofJ7J
6886882c8d9f44a8a150de3d	مكنسة كهربائية للسيارة جامبو	ThkTFfs	410	600	1n1YoCrFAbsLrTTBYntzbyKBy8pQ3ptFC
6a6e658d3f6ed554e3f689e6	aquaseal | شريط عزل الفواصل المقاوم للمياه	EZHkalh	120		1VnMjIxrXqkQNPN_i8RwPNQfBwdkcAsrd
67bcb2271d01274ec66b0f0d	كرسي الصلاة الشرعي	ybuj66C	225	350	1YYRZHnsLdClTALYzoDiEezwXHupAKipD
68890cedb4f2089d481c8dde	مروحة تربو نفاثة	tMeBQov	560	800	1CA7KfgntccMC7hzBsecZt5FIgyRFt7Fd
6a296300f6c8815f8dcb1277	بين باج هوائي متعدد الألوان	ZcTZJN8	320	550	1xFAoHl-1LcOqig2CwsN4DJZ_0fPn74PX
68e98a7fd7c301f205b6d68a	باور بانك 3x1 ديجتال	INAa9j4	625	900	1MBNoSMbcMQ4vdDrezLlCfPsSTrJdEcXi
68c534f0c79e01ee54dd1dab	مسدس الفقاعات التريند	EM6Uipo	210		1lbIW9tGo9hb_dBWReelfGG_YcX9H0mBN
68fa68e2cceac5763ce60d6e	قلم الرسم 3d	2AaGEnp	420		1jH-EMPRfO0-TlqgQTj0v8OWz6xiG-Izv
6a2aadd3f6c8815f8d4ff4e8	المنشار اللاسلكي المحمول	UVpnosH	660	950	1obDvq_n6uGdi_djZJuRbGlsgzUmVOxPm
6a71d2484d956cf608440c37	frostx | مبرد الهاتف بتبريد سريع	AJfq96D	500	800	18b-r40v8D6oyzKc1ign15pK5Smw4YBTX
691480089708ca3bf01842ea	قلم شريط ديكوريشن	5wUszBM	110	200	1xSS_w07xaSq1xNMGF7kXoW8KMTmN3-3y
68c9719b15bf4d8f2988af5a	مكنسة 3x1 إزالة الوبرة وشفط وتعقيم	voepQSb	350	550	1ZNPV0wlC9SovJgJdxAiAvYuZ1LJPQVYT
692ab9b6635aba1b6b8f8ecc	جل تنظيف المراحض والحوض	ne292Hw	105	200	1B-pD7Qibo8LQi2w0keT1KeKVUSIcBNM6
68c0caddc79e01ee5439126b	جهاز التدليك الشامل 5x1	7Mebpwu	440	700	1hQkWf60HXaDvTktaCeLqqz7zJexx0VYd
68092337015f399decbce234	فرشاة موهير الأصلية الجديدة مع البوكس	1QvMFpr	530	800	1y1jZ9LL677EHFqGKGb15njPBXWukKWl8
6808ec87015f399decb5142a	لعبة نطاطة للأطفال	WkIbJiN	460	700	1O7_Bxewkz7Wryk8M8cFhGHg9qKg-78Kf
689b55adcea36353d648aeab	تابلت التعليم للأطفال	KWxHutN	250	350	1WV-7neKtFuRhU8M5CFV6CVmPz_YNVXmA
696d7dfa6681b56512c92474	جهاز العناية الشخصية النسائي المتكامل 4 في 1	EwPpns1	400	700	1ChPFrdJrd2DIza5r4oIW-wVa-vlboi0t
6953fb9e54bba2d499f083bb	ماكينة حلاقة كيمي 2299	ZtdFeJB	600		1W650iQPqnbVGuKqHxmju1SkHSsyzxTV-
69e211955a3008922435c233	فرشاة شعر موهير الأصلية بمشط	8kGreLP	550	800	1fkiE_st0kEKh-qrQchYsFMhd_70YunGk
68b773a76422f463eea7ce07	مدفع البابلز العملاق	hxOz7T2	450	700	1hZBSKarl3GdzjlMVwwW4c-pgC4HFjsKw
687139bffef172abfc22bb95	مشط تصفيف الشعر الحراري	tL49Usy	265	500	1_cWz2Kg9EgNlOMdnddyUnDPWmpIutnMZ
66ff003dcd332bac603f77e8	العازل الكوري الشفاف ضد الميه	Vz6qW8W	180	350	17yF2CFWEX7R4lx23vGgf3t_-ehaRv_Fj
6a29b2f7f6c8815f8df59fad	جهاز الألعاب المحمول r36s	Mj4O3mm	1800	2500	15iMfRKjDg-Je6OawNJUEaWn1tQ6E6UOv
68b9c85498be0c79cf5476c1	شفاط مخاط كهربائي للأطفال	qRz3LbW	480	700	17DDr2oGEx8Sgn7ckGYw1FTNj9f7oggzm
69fe4f8037a37898c23c724c	فرشاة تصفيف الشعر one step	6QRyt2U	355	650	10xQvIbUsErU2XFxeCXLgFb09DiDvuhU5
6801305631443c76195f1a74	شيزلونج قابل للنفخ	EuZo2fQ	900	1300	18Ym4V0foAjmWfMbnetwYcVdGFFMIgAs4
67315a61d84017480e7ed3d4	حامل قاعدة ومحرك الأجهزة المنزلية والأثاث	sAKXQt6	220		1htxHw2omVgQ9Aue4U3PGwVriSN_TL2z5
67a0b134dd0eb9af8f19bcfd	ماكينة صنع القطايف والسمبوسه	A61LsjD	165	300	1Wd48lwlbq-7Fr_1PTM7lr58IUjNODhBL
68025b6331443c76196ee953	الغسالة المحمولة القابلة للطي	lMigDiT	540	800	1w1MUsv5vfQyMCbWxa39HiOesl5W1DyvC
67c9f72af55a506a866b5c92	شاحن سيارة رباعي - سحب تلقائي	Ozm5lJ2	345	600	1H0xNjmTKqHyGvszQx0toYd4af15exzYh
699b8bf514c5513c14250893	طاقية شمسية للوقاية من الشمس	XA4RmaK	160	300	1G_zgN9gsA5xIZsPjeW08qsK2W9LIgpTq
68e288a0d7c301f205825dcb	اللابتوب التعليمي للأطفال	kFtGB6v	295	500	1xdq8CWYfD43DcnyBH1v-BX2is_Kj35Ys
696a2c846681b56512e6886e	فرشة غسيل الأسنان الكهربائية	sLnMgyT	570	800	1QsjAACg5DRs16-VcNj695j7gEqnsX4bt
68cbaf2815bf4d8f29ec4567	محفظة جلد طبيعي لون أسود	hUbnlPr	125	200	12MRNyx_0VhezxyOexRODSp0Drf2nPqk9
68979d74cea36353d68f4a3f	ترابيزة الليجو التعليمية 6×1	CfT6GgQ	670		1iz8XOr0yNADxnnnYxr_cIUDI7JoaiZhX
686920103d57f3e408816035	طقم المفكات الذكية smartfix 25x	n8q7GVb	140	250	1BEblZ1ef3hYb8Yv1bW-mlZDssJdCNbNB
686d54323d57f3e4086c9350	جهاز تجفيف الملابس المحمول	Uey5Dci	640	1000	1ULG94FErZ75GH1P5j9fTZfZa2uhEbfMU
66ae540a10520799a922fa00	ماكينة التنعيم 3x1	eMW7iY3	350	550	1xtfyq1YiNVuUBB9mbqdh0MpHUhjwqmhq
689e7e1fcea36353d6f0334b	سجادة البيانو والالعاب للاطفال	FmNTI2w	395	600	1iVUCL4GwqeUVOHOUwO9TI20hRS74mFFV
67bcf0081d01274ec670bf97	حامل موبايل مغناطيسي للسيارة	Hf2otdt	200	300	1zn1JLRK-PmO53iUlHatfCpR14lH1lfiS
692fa223635aba1b6b022b3b	ماسك الشبح المستورد	NBfaclV	200		1oVW_K1jYBIFmP6QnxaDVhjto92M95ind
67c0c0fc733fbc16c93ea3d6	كاب جل لعلاج الصداع	dQnXQqN	180	400	1BHrI3ZKTayxIbLedutAskim_8EIGgAuD
648783fc6c2eea6c3ea97bf3	كرسي محمول قابل للطي	RwWvUsZ	265		1jQtQZn-pVfoOG6MS1yBNiXJMIyhh1oZu
69cd181c87fa1a67bb927865	بخاخ طرد الحشرات السحري	yi5jKZQ	170	350	1sYcQNk9fB4IYKoMcn066cybBIzOLG-BY
67c0dbe5733fbc16c93f7c1e	بلاور هواء كهربائي	Mh4Hnca	490	800	1K0XOr6w01Hd8xpQi3PI8g68ybG_eONkU
6a4d18d6fd268beb6de0747a	fittwist max | جهاز التويست متعدد التمارين	bB5kE2V	290	500	1Lu_pd2yYYdXKgAeHCw7TZw6Tp1d4YvL4
677852e0bd99b1dff789e61d	فواحة اللهب المضيئة	53nFhvs	530		17Bmg3wZQktTf_fX2vMyCzv0059tyS8-1
69ddf3e5ce9bd0ede8b79cd1	جوانتي إزالة شعر الحيوانات والوبرة	6ZdyBkE	130	250	1A_J5akysakWhnwR7haAMIl0Vv9eL1blP
68d1294415bf4d8f29015896	عرض 10 قطع بديل المسمار	GaFXhzJ	85	130	1Q7Fyl_ZDLiAuwrpGETwMMKqWxeb-3Y_D
68e28064d7c301f2058080ab	باكت قطعتين اباجورة قنديل للحدائق	IpARY4o	380		1kQkC0jXlyx4WtrG1v-SEGaVFjO0lFHlB
6850a6f4cd2f1d95c339a7d6	حزام الحمل الطبي	uOp7Mvp	210		1WsdNN0JDxKCiUil2W1uKbbAVLmcgi6T-
69eca9dad84fc7e3c9cb0241	جهاز إزالة الزوائد الجلدية	PT12T8M	240	450	10WQG6hhx_mgARe-RzKGf0gcFLsph43GO
694434cbf7d30860862cf918	سلسلة القلب والسيف الترند	mP6r13O	200	350	18HhnvKtlKZCaGKkStkuRE-XzW_foetqw
6868fdc53d57f3e4086aae6f	مجموعة تقوية الاعصاب 5x1	Xmua6K5	270	400	1AJAnGdauXGUA5j_RlgywSEpi-8i3inz4
67b9bb681d01274ec625b03a	قفل البصمة الذكي	WnIMfEO	610	800	1mCMrO2p5f74nTM0dNfvO3kAd1oAErTu3
6850721fcd2f1d95c334ee44	مجموعة العنايه بالبشرة 3x1 ماركة موهير	T69xvYs	370	500	1_t4AgwP_Sq26iAxdgIw0gCJV5a5pIbi4
689891f2cea36353d6b146c0	جهاز إزالة الشعر الترا سونيك برو	sE1GEuL	340	550	1DkRSOdpKnQaLr2ldybIdGr0w7c37c9Nx
68ad3fa4326f34b20cddbc12	جهاز إزالة شعر الوجه والحواجب فلاوليس n1 الملكي	ioYgWXo	200	350	17DBOfUi-tKgzbEH47INKKlfv9yEarw-4
69e3c3765a30089224208a22	حامل لابتوب بمروحة تبريد	E22rOLR	255	400	1iTNcQYwM9hhOcYc4qdW1jfqGDJMGyz6p
68cace8515bf4d8f29d5d852	رول دهان منزلي مع فرشاة	9SzrILQ	145	300	1z2Trqw0DSSo3Rpy_7mveJJbUc9FIbmAV
68ac8fcf189d18298df1ac88	حامل موبايل سيلكون	RsslXgp	70	150	1zXXWiC051D30DHZT18tvPIkKVfggx8Oa
66b74ed649e955603dc17c02	عرض 3 قطع فوطة استانلس	YDwbUOH	70	150	1UlMx_HlB3uEZYm9M0uUHb5mo3Hz_BE3F
6a5cf7bfecf12e1a4caae51c	ناموسية بيبي شيلد | baby shield net	uBNVXSs	235	400	11AVrChJHf7JxINIbNdE0I55mDqLDsO0X
67447b1b1548cec72d31c73e	مراية توضيح الرؤية الميني	Scp79Iq	120	250	1B0vPtaroAyowe3p6t6Ek7HROTRi4bRy2
6a260b77f6c8815f8d47418b	جهاز التمارين المتكامل لتقوية الصدر والذراعين	AmiAwW3	570	850	17zdvFBIWhBs1681_8SBYzulZUc-uedP2
6879a8f18d9f44a8a1fd7def	جهاز العناية بالبشرة وشد الوجه hifu	RIrTX5f	320	650	19itvguDWMy4R4Kc_fo9z8Woze0azoCHQ
673a2dae1548cec72da086d0	ماكينة التنعيم النسائيه كيمي 3024	wXSCWaF	340		1qa6kg0liLyAk9JSXsaZLTx_yB-9B91Vs
689289ed8402b3f88268a631	طقم نقل وتحريك الأثاث	pKYmaCx	200	300	1IwsojvBHbXSEOhqQYlzRAs3TyIwNONGQ
673741c81548cec72d727f2d	نظارة القيادة المستوردة	LUYNHGH	120	200	1Rxz6hIqsrziledAWd4RMK2liYHcrU6cD
69eca6f7d84fc7e3c9c80ea4	قلم تنظيف الأذن بكاميرا	PuWrvTm	430	700	1kGOCU23br0FRhu0j0ULEyuiiaXPJrXcC
692366a7635aba1b6b9f7800	منظم زيوت وحبوب	iideONW	600		18Wq3cw6F6BTH0ZWf1Uywroo4Pz4Jb-6y
6726c6a063402457d5767314	كرسي المساج متعدد الاستخدامات	RXUIRx2	845	1100	1ydiQA3bIhv5n1sxAAU4UwIeNLcuxLy3a
68aa138f189d18298d5b797c	طاووس إضاءة ديكورية	nzKWFcm	290	500	1LuboX7Lne5kC26f5Qg7cq8-X91Y-NcsV
675ed32ff471e30205f0f46f	منظم وحامل اكواب للسيارة	QHGS2aA	160		1fdV1nmLeaFoqkOz4GuNkyRnaacvH8dIa
68fdfb79cceac5763c98fab6	قفص عصافير بغبغان لعبة	HpPSRcs	260	450	1PCetIIlHpVQGNNv6aVGDb_uEU8_IorOx
6a43e24bfd268beb6d05e31d	جهاز تمويج الشعر الدوار (شيكلام)	OLfiIr6	650	1000	1Gcfgv2SoFwjfnMytvDLM7m5A7fA3WRMY
687688f18d9f44a8a17c68aa	مسدس مساج للجسم	TIT5XAf	275	450	1oYKdHdVdcmylZaKbag-9y12loWdm-FJw
66a1250110520799a9d980a2	سماعة دش بمروحه	SvlKwqZ	140	300	1pDkiP3s_Hs0KnfVvAL_ztGFdC00hC4bM
68d1ed9b5174abbc699549eb	سبورة led مضيئة	h319XBn	245	500	199Q3eqVOUmpGG7h1Jn3P0JiEg6vnDw12
68b5db926422f463ee6b0aec	لانش بوكس 2 عين	ZzBFKKI	160		1OdBNZj8vmQGWkT3KJ2WJb54oBCPv5lR2
6710650afa54540680a50684	بودرة تسليك الأحواض والبلاعات	l7jIhUQ	80	150	1cmSlhmAg3ZBiEY7M8d4P8VDapSgfSdHZ
6976902fd302277a9b245e01	بخاخ مجدد المعادن ومزيل الصداء السحري	u5oIP8z	110	200	1VmiRAxowmIjVmBl2e7sR89g6pK-CTmhX
6a612cc28a5836793618ff93	جهاز تمارين البطن والخصر	TKyn6f2	250	450	1con4A_GjpBbdDsSc9R2jgUkYvEH5vxGn
6656802c0e468fed787e6ea8	ماكينة ازالة الوبره sokany	p6Tn4ZW	230	350	1hKDsy_3sLx39kS0VTtsqs39VvO3Qc1CE
69020498cceac5763c928a54	مناديل منع البهتان للملابس شاتر شيت	1QqKuaZ	95	200	1ifvqNw-VOE10gvmoMxvI-V2gV46H8TVj
68a4a2d2189d18298d3748fc	ساعة الابطال الخارقين المتحولة	F4TfGqE	160	250	1iidNaIhFkXblrWZHGlTxuJrwxzlddwFq
685145f3cd2f1d95c3502c35	جهاز البادكير وتنعيم القدم	Ckz8dIG	170	350	1-SDqvhY2NoasRygoZEwOoBGyMCnyXlDw
65caa4dc0e468fed78de7bd7	جردل موب سوبر فلات	TimLzME	300	450	1sAaDX97AbmlOmEo49ooOpwiM6YVsBqWi
67f6d77e6cc90c5f0357a938	سماعة دش تربو بخاصية التدليك	Pn1VFha	150	240	14xTAWtjdDp8i8_BV1sWclzh5Rqk-HczP
68ba1f1198be0c79cf631164	طقم المانكير البادكير 16 قطعة	tIoO4wG	170	250	1kcRrGl_FppUTF8ktnvOVgU7zAMDxlFtx
688e6764b4f2089d48107f20	فرشاة فرد الشعر الاحترافية	fsTsUB4	300	500	1wCH6V1s6zvGKVuU5UlSXg3beWyvU8hdR
6a71f70b4d956cf608604baa	tirepro | منفاخ الإطارات المحمول	Dedbhxt	390	700	1-E-5apFcORvcFWIrb3A24-YcQD4_8Jxv
6a819176dd189c9923ee54a8	جهاز قياس الضغط الناطق	lEFcg4n	510	800	16GLzkDI8xBDFctAmN8rmvoENoj6Bx701
6969555d6681b56512ca9054	ستارة نور هلال ونجمة	f7GJet6	265	420	1X7W-Ppa0xhb5tMpZ75RvSTU0mnwgYb3c
6a502690fd268beb6d49464e	retroplay max | جهاز الألعاب المحمول	L9WPmB5	430	750	1gJ_8XaWK7wzZ6bPEB3dTY9E84qXV55Hu
690a45b854cd18fdf428f73c	لعبة بازل العربيات	rHQbE4y	405	600	177RyhChLrmRQ_qdbOFWIsTUPOv9-B17S
69de0621ce9bd0ede8d3a9d4	طقم الطعام للأطفال	rwYupZH	405	650	1haAqJTT3NkRxxpkDuQONGT0jVkfgzUrP
685bd761cd2f1d95c3464e68	قشارة الخضار بالخزان	2s85pJa	70	150	11L-fqRd2cNTO1NeQlqa4cxqEQeGms8CS
687a7eb58d9f44a8a121ecb2	موسع دورة التنفس - مانع الشخير المغناطيسي	Er44cHk	160		17i8KcILddjxVqDTgMY9hW-jP78cDNKQv
6a01059b37a37898c26934b7	أداة غالق الباب الاتوماتيك	MMRziEq	160	300	1nMRROb_urOW4bC1S2X489gIzSr5kUJCy
67165500fa54540680d46097	هراسة الثوم	EJywhi2	75	150	1bwy_0pXB8ZlDrP2vuNdN7LLhWE5n8wso
688687548d9f44a8a150cc0b	مشط تبخير الشعر	Np9cRfR	410	600	1luiq5oYG6Es9edFuXG_K9y0QtOuRbJnS
68a8b95d189d18298d096776	ولاعة تايب سي	2l6GZNj	95	150	1NF5c0zvFF7ypq-YSWZCRA-BDZ0RE7IdB
6824674fcbb435de1235deaf	ستاند فرنساوي زوجي	cO7Pt6j	510	700	1kjsxO-BfsQ2EQkcrIIMDESvMb5gJdsra
674cf0661548cec72d9e2883	جهاز إزالة الشعر فلاوليس	tme6OyD	190		19g4el3V_4qHBZPWA4MDdYE0K2z5N-gwc
673a81b81548cec72da55125	المنشر العامودي العملاق	Me2oKyC	520	700	1Rig_YE3bA7UQXSaFHSxBOYtVAAtJtjjW
678433da85e034a4c234bcc4	جهاز التدليك والمساج الحراري	QQKed7F	520	800	1RwZe4J-y0g9jopxtQGN20b4h0hWXqByQ
66de248628454669e04514f4	وصلة حنفية بفلتر	5hPuJpf	75	150	1IlRESwPH4cJE0-xFfZ4IPExGyakHOjsh
66939f9e10520799a98ce304	مريلة مطبخ مستورده	TfZlBvM	90	150	1VJW3TReg2VBDMRL05JhQ7A7CvnHUkfPJ
6a5a5106ecf12e1a4c6c0c05	قلم المحترفين متعدد الوظائف | multi-pro pe	H9ecwt8	130	250	19-UPnl14UC2Wwzzx3_5brGTgNaWpS27o
6a450a90fd268beb6d7deac8	مكنسة لاسلكية محمولة 3x1	ZvGIcx2	470	800	1rbQKHptSl58O0wvFiKw4_iZkct2iTdd8
69e13ea05a30089224e4b4b7	بروجكتور رائد الفضاء	Oa32HSj	380	650	1wkDrYHV1yO0EtusF96fHIdfXKFp8QtqK
69a30079609f3a69d77f8ccf	رولر سيليكون للعناية بالبشرة	3hrLCnk	190	350	1lleK5vczvzOicEJGC6ua4lI1OkBjOIUC
685185a8cd2f1d95c3641033	منظم الأكسسورات 3 ادراج	ewGWzjr	240	400	1XWHiuwdB6ltYr7hkznvSQ0ABIUsRFf5E
6a5a572fecf12e1a4c6f87e5	صابونة أوزمان الطبيعية لكثافة الشعر	ZzTwW3I	150	250	1q7kc_y1sNEACfdOwh9rrOeWShAupf7tr
6a3c622bb2dfdec2ecb2a647	قلم اللحام الذكي	O1sckpN	490	700	1j3PbUhPThwU91YopG9VYwjCEY_6HxS6w
6809007b015f399decb87c40	عجلة تمرين البطن ديجتال	VzJVS72	465	750	1KAbEKS_Vxb2NiACUwUldQ2mD5b1F2Iol
67315818d84017480e7ecf96	مسن سكاكين 3 مستويات	yVYTbnY	90		1sBckJc3XbfOaXjMNr0HyGHnxPYaYUZKR
68092b92015f399decbdefc4	مسدس بخاخ بوية	r3vfNkV	1860		1HKt05vE_P-SM2AsvfCgXzEA5q8vH6qz-
68d1680115bf4d8f291c5710	مساحة مدينتى ببخاخ	bZ5EhY5	240	350	1GG5oPrcm6C58CWAoz8_AhVC00FIIXOe3
6924ec9b635aba1b6b0b71f8	مكواة فرد الشعر من السيراميك ماركة home gold	WYmt584	410	600	15OzHkEJ5cPy-TF9cDPq8v9_maPmrVHRa
6851ccf5cd2f1d95c37111d2	شاحن بطاريات 4 منافذ	WQZX6ne	280	450	11fgWYEDXFE0ke0Ip9W795v2mPKUvQPRp
68692b0b3d57f3e408866515	أداة إزالة شعر الوجه والجسم	9fOFCTk	120	200	10TKaG-rj1qzF04M_V1EoGPxCTJvWHQPk
6904ebb833a765a1debd9b49	حامل الموبايل القابل للتعديل 360°	3CBo61Z	130	200	1yfu8kZ0tiKAYhW4qhq6XqVTJrhuGOvN5
689b5890cea36353d649d451	لعبة ترابيزة وبروجكتور الرسم	QLFYF9G	210	400	1hWMUGD0GA2K5HYJoytuBxiKETNSKQ1Hj
6a84b8d4c7b6f6cbf9c323d9	جهاز تدليك الساقين والاسترخاء العضلي	HHbjaq9	415	650	1Khjxm4oc-LsJK7M0bIYR8rqICFTtAZbq
68ad049ac3315c9e3d9beb83	جهاز تدليك العضلات	KPrbFFF	240	400	1CtRSJOxd5spUFSJIQZvKTpk2Bvg85OUi
6954f208ddc488a5049b9df2	أداة إصلاح صاج السيارة	XTuqAEN	230	400	1ziT--MHc513ZKqt6k7Oj2pwqU68m2leX
68e66ce7d7c301f2053b2297	طاقية استحمام الأطفال السحرية	D7B3Gwl	75		1TMg8KFsWCJKLeb7Dyh75My8lB4xbj26w
69014bbdcceac5763c5e2bd6	جهاز إزالة شعر الوجه -face hair remover	V5JNZ6t	170	350	12xgiCDEa-QL7-adS1P2d6HOTxMvToHYd
673a2fd31548cec72da0bad5	قطاعة الخضروات السحرية	S8tLfN1	230		1Hw5WUYbWBSg_viWrFwF0633ctsvdfFdH
6827436bcbb435de1281ce43	مشاية اطفال	fzKmQwN	250	350	1wjfs8ka2OFiqQSu3P_w3TYA_NH1W8D23
6a414df4fd268beb6de1f5eb	جهاز دوبلر نبض الجنين الرقمي في المنزل	z1fXIWo	430	700	14anYcNimPSao9tnaY8yzxsg4fMV8xttD
6a668928a4ea385651a9508d	لمبة ليد ذكية قابلة للشحن	FZJds9E	120		1ebWBXtQR9Ir6jWdbrGpJQMeon6QGwG5p
674e32be1548cec72daebf00	مضرب القهوه والنسكافية	jhYg9lO	180		1ziyik9N5oCMf4M1YvxkHnB7Quksllnpp
6a300f65444b45b6f4071510	جامع البول السيليكون للرجال	12CVRW4	370	650	1nSUbxKuKof-M9xI9eHspI5dJGhdI6h0h
685beeb4cd2f1d95c350ed30	مطحنة قهوة وتوابل كهربائيه	t1u7bqJ	290		1szCBn55--rHt0AT3SUlBAtzmqxXJsra-
67fe90626cc90c5f0307fe26	جهاز شفاط الحليب المحمول	OLoL8mU	1180		1-Cz727cuIYZj0I83ZLXFA4ZWzereIgsg
68fa4a85cceac5763cdfcb11	جهاز المساج المحمول mini	fKhWnkF	130	250	1awdEUpPOAlbB3gWLZIp6hA2Ks47vrJ_4
6705c4786be3c0aa396f4ba9	جهاز تنعيم القدم الكهربائي	KJN35i3	180	350	1J3pWU6a89qlzomOaBnv3GaDpU1Qi3F_d
67143df2fa54540680c20979	المساحة السيلكون التريند	MBS5cSw	115	250	1_hzuPgp88PDkwRjN9DvhOg2TPRx-LAAC
69613717356433dea1646ae5	الدواية الذكية بحساس حركة	S8nlkTC	260		1NugFsur6j5iUPe02XS1i8RHco3i3ZAmG
6a62a87d0868f034dd796b9a	game stick lite 4k | جهاز الألعاب الكلاسيكية الذكي	wc3HO3v	920	1300	1Rf14sK7GTqG_7utjrjXzrR_lme9ad8se
68654d0c274b44138ac0a130	جهاز العناية بالأظافر	tX3M5k4	170	300	1ToC7C0VZMyD_CQ46S4UzV_B1qCDWn1Ya
66567e450e468fed787e6dcb	مكبس الممبار والسجق	YjXs2t4	140		10TcKZDE1Mn6C3mWbVK3Y_RxNH22CCbiL
68e511abd7c301f205fadb09	لعبة مضرب بطوط	ueQE53g	200	350	1126BOpp3r7uzFEBSvCHkwwfnZMCcAVJP
68e52da2d7c301f20502e048	مناديل إزالة دهون	JQipABQ	100		1VMR2Y3ergcFrQw1pj0-_DTPbO0zdwHZ8
6a502414fd268beb6d485ef0	مناديل إزالة البقع	RI5XJ7y	90	150	169RiAmgiEInWEQaM1VFoiCmRZRyHLq1Z
68a9cd54189d18298d488fbe	حلة قلي بصفاية زيت	OUVur9F	590	850	17OS1CL7QTCpklinN9I7HTh2hz8HnLUXy
6a7c734442d4b8fe403d98cd	جهاز المساج الكهربائي المتحرك 3d	e6mdpOn	900	1300	1-9COAbwpXdXdnSZvR3g45ka_2Dfo5UEX
691a33fe9f30377c91e3d3f4	طقم بينج بونج	blixhnU	410		1f9r8o8bKtxJtXmxQDd6gp7rddsce4s74
6752ca3c1548cec72de5abec	قطاعة الخضار 14x1	np6Ytoj	240		1HtL-rJrAjqhEJqJ-I_C5dR2EUuHixfYq
695fad0addc488a50494a3e1	ليد السيلفي الاحترافي ببطارية	Ykx6vve	405	600	1FDM4CiMukuJ8WzqPdX44kpUNKlg5FOii
691f0085635aba1b6b9c2223	جهاز مقاومة العضلات	PrBV5QR	250	450	1y_q8fbWVHkKm5FJ91iIFKkN0D9u6i0eC
6a678f05a4ea3856512eb1c1	luxbath shelf | رف الحمام الفاخر	4aYD3vw	230	350	1Tx-40lRfJrOaDCI0wQlkJx9mbqqxQZs5
68c787c015bf4d8f291be913	جهاز تدليك لفروة الراس والجسم	PAE8VlM	325	600	1PBFjaIP8x-t6VEBWdKvMJjItQ0NfYToN
6a82c564dd189c9923606cd0	مجموعة إزالة الشعر المتكاملة 5x1	sWMVojg	440	700	1yeIl5puw9IdMVYNcEu_FtXzUrYijHC9e
6810e5533a87ea85f47a8c73	سجادة الأطفال المائية	4Qwn85z	180	400	1fyr_kwHlSdfvXLbwizWVZlVHQSQ-T2oc
6a6e5f943f6ed554e3f4370c	وسادة دعم رأس البيبي	hJyRdA9	490	800	1aEQG_mExLIOzl96eiwLY1u5Di4y9V2aq
6907b445903051f2d1b33fe1	لعبة الأخطبوط الراقص المضيئة	HRieaKv	465	700	1q2MvOQTcxCN_5_ChAYAuJH6CVD3KeoZq
6a669123a4ea385651abe9c5	إضاءة الألعاب النارية شكل نجمه	KfwRA1y	480	700	1tdnEdmAren_pRjwa3pOdE1WrUyDy_yEq
68d426c35174abbc690fb78c	منظم سكاكين بلاستيك	Y1ftu4R	200	310	16apgNFbOv6JkzhKRKRwwduhs84r8-n15
680666f302fb341d4f47ab91	جهاز غسيل فرشة المكياج	IO2gpX4	180	350	1S9ueVJpJIuXIUnvg9OfNXvVbrAme5_Sm
69c7be75cc2eaa491439075e	جهاز لاسلكي لعبة للأطفال	N21tV4j	240	400	1xhJzcTm37MCYjULtIDr6dIu54r6LROku
696a4e066681b56512f5660e	ميدالية الكاسيت الذكية	qfr8YeH	160	250	1Hc09LpRnBVv2Da1Un20GtI4m4NwbYEhI
69d8665bfe096ac1b245729b	لاصقات مانع التعرق	DU6LzSs	105	250	100X5ZGL6MR01y_oRO7YSO6y2heuF6WLA
6a2aa749f6c8815f8d4b17fb	كرسي أمان الأطفال للسيارة	6eVO9Ep	420	700	16ITcEOT3YX3hLt7i-yVjaWYQ9rN-we9R
6a7dfaaadd189c9923baca5f	وسادة حماية الطفل الذكية	HoxAjpL	340	600	1S12SahH8EDiJbRR9-cRMeyo-BISDNAqZ
66567d0f0e468fed787e6d65	خلاط الفواكهه المحمول	ep5byG3	190	300	15oScjPydtw6uqWu8fuclKkyhf2YEHMNA
68d890b3d7c301f205a70cf5	جهاز مساج 6 رؤوس	b2fhSsu	570	900	1hiZo1_QVj9A079LI8O9-9dwGCuB5zbR9
68b8bcba6422f463eed85c16	سيارة الأستعراض الجنونية	jxiSDER	720	1000	1f7i9Bym_tN5yxHlpEpp5zsoZk5N7EaqO
69e97ad1d84fc7e3c93c6e30	أنابيب الاحتفالات المضيئة (glow sticks)	NkFwBxz	280	450	120O0I4lZiqMmZFSt7QPo33e43zpro1B3
6a7676924d956cf60836b8fb	المشط الحراري للشعر والدقن	4G5eORl	230	400	1Z6SWvCJ8dHtti0vSEWb_gtUymTRjIQ9H
6904e6a833a765a1debb9f70	طقم أدوات السفر والمطبخ 6 قطع	3fyrjWd	245	400	1_z_VeMoWs3HcRPWwoWN5Xc9YUmTn2w8X
6a875b846c33f3e3e4befa95	دعامة الركبة الرياضية ultra support	sgRa11m	230	400	1iGYdOIPfkScIjgEzPpeNVX5HLeHYayti
66567bf50e468fed787e6c04	شماسة زجاج السياره بالجراب	W1XY3Ww	190	350	16xpIiU3QGgbo3gVymyk6hEHbBxP05hBk
66f012d7cd332bac60d3c7cf	فرشة إزالة الوبره السحريه	QbmWuHc	70	150	1pIZ7Pp1rI_dYK8gsZrCKIHXUMNysyV-p
6a77a5db849bf12335fc839a	قصافة الأظافر المكبرة بإضاءة led	jq7Cd1C	245	400	1TKo9NA0TFTi1eTbwenjJ9LvrCzCTMcGN
69650ce87fd9c61da9efb337	جهاز صنع الفشار	wxr6S9j	510	700	12nDwnmXje6u4iJQHZvARxCSZpfLHJvaE
68e52053d7c301f205ff973a	راديو جولون الأصلي	Ts6NmTN	310	450	17ek2NI-UWM4tU1RJml6BGpoJ0AWCWjjj
6a2823b9f6c8815f8d42088a	لعبة التقاط الكرات الطائرة للأطفال	5BdMzT2	110	250	1ACDqTeVCrRjpPeKuQ80OldxneO-lkpew
68233a97cbb435de12193721	منشر الحائط المحمول القابل للسحب	SA6Jmww	470	650	16fmvTxLhujUrApt2R5n2FNFp8EI1GbD-
6a693082a4ea385651df412a	squeezecup pro | كوب السموذي التريندي	WEDaEKt	245	400	1gs4CBDdt4khVOqhXkZcFzhDR8SZ08c68
69853130150f699e76bd79d0	شفاط المخاط اليدوي للأطفال	tHwQr82	120	250	14KvcGI0bfko6sdax9fI-_77styKklrQ4
690bbea34c664f3498c4bc60	لاصقات تبييض الأسنان	ypp2hVp	145	250	1qOYTKNH5k497lfZlX-KfMas1Tx3SPfeW
6693a1f610520799a98cf418	مسند الضهر الطبي	Kk7PxeY	115	250	1JHJnvf4KzZ9k4TGPgHUD35MiKmIpN0N4
69dbac493256f1f89221978c	المشترك الذكي القابل للطي	685z5hb	135	250	10N50_C5iE9qmkDWP_fIRZ3dLTrznDmnB
68ee593fd7c301f2059d0f60	لعبة العصفوره السعيدة	sRe8wUp	345	550	17xJZ2a_RiuXb6xqNWIxXAFd4Y0RMZHBg
68d0671515bf4d8f29e46c62	الشماعة الدواره 360 درجة	OtEzYzj	145	300	15IOxLbNoalmjKpIBDKAUFWC97Mpj28Ix
66c1d4e849e955603d1bbfa2	لعبة قفاز سبايدر مان	HIpruWh	160	300	1__1pY1gcIAdTBbqL0maSsg6bqZO9ilUL
66f5f2f6cd332bac60ff6a45	ميزان أشخاص in boody	Xs3KIyV	320	500	17xRzxlilM_27rYmGC3fG1_cfZ-5HmdFu
6716f4a3fa54540680da6252	مالئ فراغات السيراميك المستورد	8IrC6wL	120	200	1co6sbpAZpik8p4r7lF88PlxDEzfDOyvj
6a693afd3f6ed554e30893bc	منفاخ السيارات الاحترافي	i8SY7zb	550	800	1JKuKtDAk8hhtmQ88jH9EseHVSbqb_-HQ
6911957911fc9175988dacd7	أقراص تتظيف التواليت	L2GMd6v	110	200	14M4_N-gtJd45Eah33EijwNG2slz9vpuu
65247a33b740d62654779347	شرشوبه عصر ذاتي	1alTi5s	130	300	1qrCQyhtMXTTJGROEfLuxLWRohpa8WT_1
6981ba8b150f699e76b8831a	العروسة التريند بنضارة	HwKqtl4	380		19KeqGK75HqxlAMHzXlTtYUImzU10qEJp
66b3baf149e955603da7ae8d	قارئ كروت إلكتروني	7qy6ri8	250	350	17BmvCEz1rm5qx7f1uQP_HBIoSLmiaA9_
69e51875e7a7da4c934ac906	مروحة ذكية 2 في 1 led	CY5QjdO	565	850	1AlnxcsSF5b5ndJkrPPpDORZbG4tf6x0q
68a8d746189d18298d0d792d	فرشاة الاستحمام السيليكون بخزان	ILwiouW	75	100	130tt9toUavihxg_KNsdOoxlnImivuLUU
691f054c635aba1b6b9e952e	غطاء حذاء سيلكون للمطر	8Cdrt96	90	150	1nRArLzaYm33gupRMw0Q1XQb2WdQwJ9xM
6967e2667fd9c61da9b3cd4d	لحام الحديد الجبار	J2GT3Li	110	250	1CL4Y31zsCmvbEwprovn5nrPFqcF5D3v3
685d4b53274b44138afdfca6	(باندل 3 قطع ) حزام جلد طبيعي	riMmBkn	260	400	1YsVxDhXp9eppljMIUFBDnUvyB3erR52D
6a874a696c33f3e3e4ba063c	مكواة لفّ الشعر الاحترافية – موهير c606	beGxsyy	380	650	1GtFvnKqGcEE77wW_RSTAsw73yXTbkrRi
6a669886a4ea385651ad3aac	kidguard pro | سوار حماية الأطفال	2RVdowd	170	300	1L6gGxV4a1eJi-9SdS3kzGYWNZT9c6_K4
68044fd11de40ec0dfb22504	كيس غسيل الأحذية في الغسالة	7YPSMjp	160	350	1pDlzGQ3VJs-OpsFzNtR7RZ81DzJBDnwx
69a8d728f7eeea4048b09592	مفك التست الذكي	2j9fANs	160	300
68fea586cceac5763cc56301	فوطة لتنشيف الشعر مايكروفايبر	o1gCtn6	95	200	1zcsA6FqRH03k9Xa6RS1sBzK0wSsdQqGe
648783fc6c2eea6c3ea97cab	وصلة حنفيه متحركه	MlwAx6q	90		1iGbxBXmZN7RmLlS5VoLWLTd8vU5HRde1
69e56a99e7a7da4c936fa0a8	عوامة بخيمة للاطفال	zOupfhu	260	400	1XdIGpmyqtY4SbKt03vENtx_crAvV0uVh
689e827bcea36353d6f06031	قلم تدليك الدورة الدموية	DdImFaH	200	400	1iz7aO2qmB28JJrfJzL_VbQcRFXwCB81V
6879abe68d9f44a8a1fd8776	طقم سكاكين ماربل 18x1	de2imdF	365	600	1patRWIsn7t4Iv7KQWX3w_VU6gaPn1QzE
6a552419ecf12e1a4c6c5d32	سبراي منظف التكييف السحري	RUSy5yV	170	400	1ynuoHrCozawmjPwUg-9pkZuF4pDJjpEV
6991ee2dedf1bc56220619bd	واقي وجه كامل شفاف	7pQH1W6	160	300	13mWqsF0i9KVfwbWvOiMkt2A5XRsCtgbU
672392a32b2c923fa39c2eed	أنبوبة إضافية للبوتجاز المحمول	Rs26KYa	105	200	1hMNFwaOkE0iW0yuxh9YSxPsTJ6R2Xaud
68c6dd10e36831c213ae82b4	مساحة زجاج مغناطيسية من الجانبين	OhNWo5Y	170	300	1tXDhnEb-Ij8nLFcmBEM8W3v3HH6LiIuu
68e551a9d7c301f2050b30bb	طاقية الارنوب التريند ( بتنور)	MZKDJEY	180	350	1y_M-hTkHIBHk0onmXRZOLdnl0ZVlVRFj
681bcf393a87ea85f48d2816	مضرب صاعق الناموس	pqAiVrx	280	500	17GFOXGA288vX-0qinKjYJqnFXbCk_8Vd
688e6a2eb4f2089d4810ee39	رف الحمام العملي	MAUVs7g	170	300	1-1XN_cCSVJeJNuxsdK1lRiXYhHC0Ikmz
68d726cb5174abbc6993d654	مكواة الشعر الثلاثية	rXW8sXQ	380		1wAs9eiKLB5sbsWjf_f8sUTEenNNGzPJe
68dbc14dd7c301f20540b9ef	طقم العناية بالاطفال	E7bSP3y	190	300	1awpq5AfBcdsRwNQj1Z1g62VUuFMTr1on
6987e832150f699e76680056	شريط ليد 5 متر بريموت	yAmyxDV	190		1tGEGdO5GoFfhSZ0ZFKxNxKZHaRsTvz-D
680e20ec3a87ea85f42c072a	جهاز تقوية قبضة اليد	4c37kZp	120	200	1hlu2GtDcDjswNcE4QkV6sH7SZ-gnCDuj
6873c49efef172abfc814de4	جهاز yes لإزالة الشعر	MtTEPgy	210	350	18LbJA2OkFCRXBDdqRoW8R-5VX0Xa7rtg
69e5658ae7a7da4c936bf47d	الكرسي العائم القابل للنفخ	nSaUTlR	300	500	1i50aRrneuc6grWN7KRllM3HEG6oSE48s
6888ef8db4f2089d4815e7ab	طارة القيادة الموسيقية للأطفال	Nlj2kdc	185	350	1Tz8GixFpyrckOpVLfBG2KLghtNXtU0PY
67f755036cc90c5f035cbe6e	خوذة واقية للأطفال	kWV8oNt	155	250	1tOOMqehyWm4llUzvILCsbjx4hy4pSaOJ
688e6ad9b4f2089d4810f5b3	لعبة سلم البط المتحرك	LnbA4YP	190	400	1pYk4KC3O9Smu6fayEczAw4JfnBRSeLf2
6a897998b025430898b643d2	كشاف فلاش ماكس المغناطيس	ZD6POLd	180	350	1vBmt0Nl9Yww5R30dnkhsqf0WfB-qPIvR
648783fc6c2eea6c3ea97bf0	المساحة الاعصاريه المثلثه	O5U3uDI	160		1DgNPVFefm_Do4RhLWZv06iHb-4uskwX9
678b96bd85e034a4c2a0b73c	طقم الصلاه القطيفه المبطن	tzJOlqM	285	400	1it2zJIkr_SvtO70Sb6ZDZmM8GOvkoqVo
68dd4e9ad7c301f2058fa618	لعبة العروسة الطائرة	ohPsSCi	180	300	1O8eEFrhHS3WNOUy5qQfs4nyV699munyg
6a675d51a4ea3856510fbea6	منبه الأدوية والجرعات	TMvNCyE	420	650	1AK-dryPuVucKEdVMhS61X7p2ffjhHa1Q
6a6132098a583679361b1a88	face lift v-line mask | قناع شد الوجه والفك السيليكون	nL4wLUt	190	350	1YM5MBwhh-5ArrYMWFOsDd_x2keEMvtCM
6883c92e8d9f44a8a1cda350	طقم تثبيت الملاية 4 قطع	bLNKDSl	140	300	17uj9Zf8nAK7Tf0s_anWrr1aO-Na7_qT8
6a53e7e3ecf12e1a4cda063d	كشاف الطاقة الشمسية الخارجي	A9kx9Fp	350	600	15wpJtsfP0wxU9eWfZK_sQhUmyurP0frQ
68710aa7fef172abfc1569f1	مجموعة كتب تعليمية للأطفال عربي وانجليزي	iYKAt9x	195	350	1gbIhTFKV4QIzVXK-oJgWvJVup2SjCQ0g
6a62a39f0868f034dd79104d	لعبة سباقات السيارات التفاعلية للأطفال	qeOejhZ	850	1200	1-97lzYRCH9YabEjFW-5n52-3HrwUYlpz
67353ef01548cec72d5b6327	وسادة ومقعد سيلكون	OsBTidx	205		1HwNKaQtGyAtLJ4mj4gl_AuNWV-LL0wNw
6a62ad1a0868f034dd7a18d2	v-face smart lifter | جهاز رفع ونحت الوجه الذكي	EDEnNdE	270	600	1YuEp0CDQhV5rzUV6aJlDBnrTdvzyebNp
6a7ccc9c42d4b8fe406cae3f	لعبة المرح الموسيقية التفاعلية	ck4O9sK	370	600	1fiFrJ0GAe8-vxspUKsL9iD8dOhX-UUIp
673bc53c1548cec72db7f83b	باكت 10 أكياس حفظ الطعام فاكيوم	5yqJahw	90		1EBtQduB57Gp1gQi0waADmp38JHM9BQoJ
6a53f24cecf12e1a4cdb9b79	سبراي منظف الأقمشة والمفروشات السحري	VdLjgmp	160	350	1B3IZKG1B8HYPnN1xVn1Zjbc8bF1rDS-r
6987d4c2150f699e766577b4	سائل النانو لإصلاح شروخ الزجاج	4663WWF	205	350	1PmYA63vaSjPwTn_-Vx43tb9GhasiG7c9
6895440c8402b3f882f4fc73	طقم العناية بالبشرة 3 في 1	DTX8Vdv	210	350	1ZqUQE5S6lCv-Yqx6LVxq5kPxlXNdgM7Q
68d6f54c5174abbc699157b3	اباجورة كريستال بالريموت	vfq9F9X	180	300	1qv76dYjTSgailXmm2nxNnQ2uBMD-d3lN
648783fc6c2eea6c3ea97d70	لوجو السياره المضئ	eeqHKB6	130	200	12T8kUVv4Cbm5whjhVFeATGku8unEgKAX
66f5f4e5cd332bac60ff875c	سخان الفحم الكهربائي	tiUWf5h	290	550	1wwcCDHM4j97udQv93ek7-iADr_qz4s5w
677beafbbd99b1dff7d3e042	كرسي تقويم وضعية الجلوس	A8vo18M	250	400	1H7QGf5asHvl0L3Dov28gcOkDzNw2Y0o6
67b49e98b5bcc526f0765d40	لعبة تحدي بالمغناطيس	NKVLotx	200	300	1H-QMsOiWrPgVIjGBt8AKfRSZSXPOoQtD
680673c602fb341d4f485cac	رف دوار 360 درجة	Gqsj7ZT	260	370	1ikJ7dI7fQCfKIwA6eMeVangRVOYp-i9f
6a7c6bf942d4b8fe4034c054	ملعقة القياس الذكية measure spoon	eAGzuhH	255	400	1oXKHHhvoziTTlMVOtbudBRpjhXanL6Ey
6888f0fcb4f2089d481612ae	رشاش ماء وفقاعات بشكل قوس وسهم	RRAkY8k	390	600	1vhqIVEtMhVEImaRB5g2pEKYQkRirYS0q
69e7c272e7a7da4c93020bb3	جهاز غالق الأكياس فاكيوم بالشفط	PNLj9Xd	450	800	14JLvFn22VBXHYqqgsnlhD9-7nai6Aq--
6a7f702bdd189c9923340220	شنطة الرسم والإبداع – 168 قطعة	XdPtUJl	290	500	1wkoslRr-v9RWhZeBjkJOqJOE603RQqIZ
687146cafef172abfc258361	مشد حريمي شورت -لون ابيض	uBjsPxp	190	300	1p8d_MeISHvqVFl43VcISmM4XUc4OiNbM
6a5d52baecf12e1a4cc63af2	أباجورة الإضاءة الكلاسيكية | classic light lamp	88PCfG2	190	350	1zFJk8MyqaojrqbgnaxPv9xzhb6Vk8bzD
6a60fe618a583679360f6970	موزع هواء التكييف الذكي	GzKGhyn	235	400	1gjRfxGG-KmPy-NOFA3lRjN-oFjukcRWf
68d588415174abbc6956c8c5	عمود حفظ الطعام 3 دور	yp7sVhK	310	450	1H5t3Y8pk74b5BXnfFX1zpr_UECaMYSPL
68e57ebad7c301f2051235d9	اللزق الجبار مانع التسريب	HKS4Ixk	140	250	1NAFRXbELuIY9UUeY34E5RPrwn5MsSux7
68c9b19515bf4d8f299c79c2	بروجيكتور الأرنب التريندي	KBFtZKk	350	600	1mackbWWz3W3jcIwIAHA7hYNnii3VqOm5
6a60a55858f8e62a76abeadd	رف التجفيف الذكي القابل للطي	PHPIq9y	210	400	1oVRB0ZLrureOEHUBXk0_9s95eukai-bb
6994c2efedf1bc5622edf2b4	لزق تقصير البناطيل بدون خياطة	C4u9k9u	110	250	1K0Lc0DN5X6579vVdmTMKeU4GaQgrwr5w
66944b7010520799a9919d2c	حامل اللابتوب المعدني	vRb6iPV	150	280	1MkL8y4SgC71G7Ue4fzN5P6J41_1dWUBp
68b4d9f46422f463ee42a0c0	جهاز المساج باور فل 717	JVj5boS	630	800	15mv2DMDFnEwYvb3YTdtNbRR0-t4SkRAJ
6a2abaf7f6c8815f8d5b240f	جهاز قياس ضغط الدم الإلكتروني الذكي	9dOpCx9	295	500	1Glwgo63PQKegqd6NALzA8Y8FVEKiVip4
6a6124628a58367936167172	جهاز استقامة الظهر الذكي	vnhxMxg	190	400	1oDfCJBGMu_UT1HmCdRVkSSqbb9Zpcl0H
6a5813f6ecf12e1a4c9fe8ec	حاجز السيليكون الذكي للحوض	WtCXnZq	100		1JAp6d-aYSGsp_1gRmQLODP3hXNT6CRhU
6a7ca6f642d4b8fe405fb58d	الشاحن الآمن الذكي – smart safe charger	gL7REVx	490	800	11IfALCCsm_O67xNCw32wOtloECSD4hj7
680519067a8092df4d9cfa23	فواحة ووناسه h2o	QGGmxyK	165	250	1lx4FDy2F2xN3AgXBzlowoKkvTtxzQUWj
67923e2f85e034a4c20bb134	مكنة تنعيم كيمي c52	ygzcLti	430		1nPntR-zmurIctslAy7aiN4KL4Nh4euv8
66fed603cd332bac603d589e	سخان بلاطة مستورد	DXuIw5n	315	500	17TnajaqmwAuXCTwLYwq5KRNZzxNu5fTh
68ad161fc3315c9e3d9c553f	حامل موبايل مغناطيسي بالشفط 4×1	a7Powl6	145	250	1mRZ7o63rcif_aOD4DRRaBIdTK7O_5rtz
6806699f02fb341d4f47df2a	فرشة التنظيف الكهربائية 5x1	QMB1EAp	195	350	1WhGLJiOAw-8l9SXzjyhVw6aMXQZKzJcy
68c61453e36831c2138399b4	حامل وماسك موبايل 360° محمول	SlCh2Dw	235	350	1_-CTTsKuWML_sLEa86qRVHbGfqHD5A71
68b322b76459e04ced3adaf0	الكرة النطاطه المتحوله	EHhoObH	145	250	11kOaWtBQ1fsVZgFITEbTauzR2fKglwKg
6a8753e16c33f3e3e4bd5497	مكواة تمويج وكثافة الشعر المثالية	4lvlbmi	470	750	1RAXMUDqjTqTzGvaL5nO5hDoSmVvGdvPi
674e0c741548cec72dad043b	بوتجاز الرحلات المحمول الميني	QSmefF3	280	500	1uidjiHnmrMzSYrMbjf8yU9p2fnF4VoLy
68e518c2d7c301f205fc790f	لعبة البازل المغناطيسية الضفدع	oUxr3nT	300	450	1ZHM7L1ZHryVz7Yn38S5mAtpr1n8YIPo3
6a7c9cab42d4b8fe405be078	فلانشة التقطيع الستانلس	PqDq4l2	320	500	1nCaKS3qJ1gjAx5yidin8WgV4FQWnHpz7
6a6f08c93f6ed554e31f9b72	grillgo | شواية التخييم والرحلات المحمولة	u4k4hxD	410	600	1128lY7QAr6T-YXHOLAHLShpG-7cx8Odp
6a3c6797b2dfdec2ecb4145d	كيبورد لاسلكي ذكي 3×1 للتحكم الكامل	wm2cS7U	290	500	1JF8iqZa7Nys0RSqDCQjHHoUgutpsU7oc
6a6e74c43f6ed554e3fcb56d	movarelief | جهاز المساج متعدد المناطق	vxjTEhT	330	550	1NkqezMwGVUvGhOjCgXhJlDG_TPpGe0c3
6a3bda03b2dfdec2ec72b139	ماكينة حلاقة الأطفال الأمنة بتقنية الشفط	jLyGqlk	560	900	1rOqaSdbcYrdZJyQvUR5n8X_4AmjrRkr6
6a9328d3ff4bc0f14e52f1ed	ماكينة إزالة الشعر بالخيط الأوتوماتيكة	BKCGCrG	470	800	1zYt0Ny_fpFB4jt_ftP_5bBrWcBlzfVil
671a4e5afa54540680f6dffe	مكواة الشعر mini السيراميك	zdGYZAg	125	200	1hQp0xGQTVjH_h-jSmxCK56gPIXRbvok8
6a3bbfe1b2dfdec2ec571e8e	سكيت بورد احترافي	aiJ9ibq	370	700	1DpAaEof0CfHNBYCRDX7DvfLuNS75hXEi
68e27c58d7c301f2057f4796	لعبة كرة قدم mini	wquku8M	215	400	1ZWeEMTVDNbktZeitLMNmDQ9v-51A01FR
68531e76cd2f1d95c3b1c908	مسدس رش الحدائق وغسيل السيارات	4AlQd7y	130	250	16YdJWWNmZqnuOPaePAJLmMwiH1nNKcbK
68d5a0925174abbc695a8c31	أباجورة مكتب تاتش	GKt4J9Q	220	350	1PBtcMJ20gbxJLJNDfoOCVr6w-AlUApgh
6a8c325bb025430898d5943c	جهاز المساج الشامل بذراع ممتد	ILKV6dR	440	750	1kNsycNag_-llXTQ3jCmxAZG0huJwIK11
6a6116828a5836793613e95b	جهاز مساچ واسترخاء الرقبة 2026	JounLyQ	290	500	1mZtfgEr-en5lsCHcpOxREJ3pR1sRkgCE
6a7684cd4d956cf608384f98	waterease | حامل المياه المريح	qKsICqq	215	350	1Pbyr9NZujYWgiVIyOiW-ntGdAjfjUEuR
692fa5cf635aba1b6b02493f	شواية الفحم المستديرة المحمولة	ZkAb2iU	370		1KWjhZEe3FT8gU7K3YjQDd34Od6-GhEQ5
6a5819aeecf12e1a4ca0afd3	extendrack pro | الرف المعدني القابل للتمدد	srtuDAo	360	700	1pBsu5qOUhKQ3MhvWHRIncaQFRq54sk0j
6730e13b6536d6befb0da331	جهاز الحجامة الالكترونية	unGaGHT	400	600	1SU8EW9J_-27jFaVuBtDJKBQ8N8g3YIpm
6a581fc0ecf12e1a4ca14fe4	glowlift pro | جهاز شد الوجة وازالة التجاعيد	bO1oeuI	390	700	1hj-6UXwohQd8VDI08RtU2ES7lHyLwZND
65c374bc0e468fed78cf8381	رول ستيكر رخامى حراري	D7pSZdh	120	200	1QwmB9vVi7UppW__kJgB6__iaRyZQhsKe
6873fdcefef172abfc8d0df6	كشاف التخييم بخيط 10 متر + باور بانك	twE8RGN	370	600	10qTfahsoU4fZ4fI77watm4g3UmQbhobj
6a87bab16c33f3e3e4d15e52	جهاز مساج وتدفئة الركبة	mEaZRAy	980	1400	1OKxjfmqQ6lVF36yVXfzOjIiT648kePte
689548a78402b3f882f520b2	ماكينة vgr v-942 الأصلية	SJGGxtX	720	990	1tWotd8l_HZgze88eb9TVYdpcyx0pGicI
6a953fda820dc94cb0be93d8	شريط إخفاء وحماية خدوش السيارة	eqwBHFy	180	300	1P6xxl_RLt66LRYKoCrnrjEd1qw8fgSwR
688205c18d9f44a8a174d167	لعبة صيد السمك 24 قطعة	tJz62mg	220	400	1klDn3Dwj5MY0kXhwvgkPMFGnfjLRkiDs
698a5116150f699e762bf1d9	سبراي كوي وفك كرمشة الملابس السحري	f3FCZ17	135	250	16jukdxYIb7QkRv5qTJGM8SxUshkAimvF
68f56124d7c301f205ff17d7	ستاند ملابس واحذية 2x1	2XUSnRi	400	600	1ERogspQsseH0ohcwu0GZ9XHV5Tbh7GZs
67c4758a423d86b7f285a8d9	لعبة الجل المائي	AkrsiKU	210	400	1dysbkJLFmY8NTpWeYhKmI3PWQkmtvkpa
6a908b4cff4bc0f14e39ff77	ماكينة التنعيم kemei ثلاثية الرؤوس	ZpdkkXx	540	900	1q8FSGA61xruK3NHkaQzkVpW_Lm8n7--M
67d74acef55a506a869b49aa	جهاز تسهيل التنفس ومنع الشخير	zQvHCXo	105		12hS1DXvBXR4iWldfd7mf6X4STGxpBww3
6a29f09bf6c8815f8d0500df	منظم ظهر كرسي السيارة	9pkjp8Q	180	350	1ahwIiLKE6kXBl2KY1tYhTCz1eT9pCESp
67c22fb6733fbc16c951829a	كبة ميني بالشحن	CUZ29Ae	265	350	1hqQCfkCgVXfiU6oofpkOmMsGDhIKxfbM
67f0278f6cc90c5f03b0986e	تورش تحمير وش الطعام	RILpu7h	215	350	1rA2YVtFRzGrhbGpbvucPUd69uPJEV6kV
66f0acb6cd332bac60d969d0	الولاعه الكهربائيه بالشحن.	Ct7GX5L	130	250	13Phf9rj27jHmM8X9fJFVvDQKQtO96bJ2
695eb5c7ddc488a504506e97	شفاط ومضخة لبن يدوي	NABJPa8	260	450	1eG8O1y1kE7pbb7J1VHDKOfNSI4WaO4sg
66c2889449e955603d22cd3e	(باندل 3 قطع) كتاب التلوين السحري	SiXaxXg	140		1_aPdY_DRiJAPT_peQVwASCd7fptSzpHj
68a9e721189d18298d4f1e31	مناديل تنظيف للأحذية والشنط	qhqdzT2	80	150	11SphGcSqxVqSfRpVNULHD3sgGSNvNCrN
6a6e6d6c3f6ed554e3fa3478	أباجورة لعبة الباندا المضيئة	oEokX4S	245	450	1DRtFx8WfkiNQoftXMNELAkQE0scgDvJl
65cb9ad10e468fed78e09e69	خداديه رمضان	l5L9Suk	70		11mHdUUUYqbemHK8B7tV5GC47tK1zjJs-
689d24a9cea36353d6a19633	ماكينة الحلاقه الفرعونية kemei - t99	oPTbtte	235		1qplm0YS3l93mVdQ1OP6bHwCS2wahklES
6869824e3d57f3e408995aed	كعب جل طبي( عبوه قطعتين)	MNWXRgW	100	200	1BthVmTwnq4JlkUhuvgOIV9B587G8OoOz
68a8c54f189d18298d0bda74	السبورة الأستيكر السحريه	VHNwtya	140	250	13Xv6lgxSLgw31PWLP_c-lDP3YowiHSEE
6a7687564d956cf6083891a7	القبعة الحرارية للشعر (بروكاب)	X6qry45	175	350	10nBLZXLAM2kTb7nUeD1fRFMK04wbzUCd
6661c38f6bb2679227b82a14	(باندل قطعتين) فرشة تنظيف الاحذيه والملابس	4QSeHLk	80	180	15Aq-BPK-NlG5UEv7-RkOb6u3YZr4Yve6
6893503a8402b3f882902278	ماكينة عمل المشروبات والقهوة	9kVOe1r	200	350	1NP7TRL4GNCd26rOgQvnvOB15uxbkI0KT
67128c53fa54540680b38c0a	كفر للتكيف	7JQcUTT	90	200	1VarQom7mDndDvlP-Cu6ueO6-hLglvipn
69407aa3f7d30860864d77b0	فرشاة شعر ذاتية التنضيف	mDbKdop	110	200	1ZYTzDlwWqCK_UBg9zYaviaJZPOdtZPpq
692ab5c8635aba1b6b8c03cc	شداد معصم اليد بخطاف	UoTUPYQ	150		1tuvAF2zaKxgcLNEX1LOhBqLgsqeotbSj
67315614d84017480e7ec013	كفر ومفرش للثلاجة والغسالة بجيوب	XLtFD7S	80		183sGt02soPDdV7Bv8LxiKz3y_eB7nFHr
6a7e233cdd189c9923c827e3	مرآة المكياج للسيارة بإضاءة led	suj1PBu	305	500	1uTBaiiSpEmMvygpHV41Ht31QoZU64siH
6975daf66681b56512bf1d0d	مزيل بذور التمر والفواكه	Pdly2qp	110	200	12OrDBe17rDzq6rv9ZVSgXQFU9J0MN8Oy
6a676378a4ea38565116417b	مسن السكاكين الاحترافي 6 مستويات	4jv8UPU	150		1S9bluPiPGd4K_GbSPpMfiM0mEve2xwaB
6a60b3d78a58367936df02b0	مجفف الشعر الذكي القابل للطي | smart fold hair dryer	kGivklL	185	350	1nJ0wVXhXAcyJ2n7lRhY3VXKhEvAKXw1A
6a1210f0bfc3530e444e8bea	جهاز إزالة الشعر الكهربائي 3 في 1	a89HuXg	710	950	1j-q_9iN5MLqcqIpbmnXqQD8ZWLIYylpm
6a7c646e42d4b8fe402dbecb	فيل التنفس والاحلام المضيء	Upg9y1T	345	600	18a1jAV5TCf5v-BX0p0K_zsj-DmJL-cU_
6a04ced1f8838175010fdb54	جهاز ربط وغلق الأكياس	xdhG4HW	160	250	1d4o_-_Aud1ZPVvLIicNES3hENojUevqw
6a0c06c8f883817501924436	عجلة التمرين المستديرة للبطن	YaL8Wqk	250	450	185P64_ygkvGUerhuASh73rrx31uX4vAg
671933befa54540680edf1f3	دواسة مطاطية ضد الأنزلاق	2NsR4Fr	105		1fn_e_dbQFnQUTHQkZLhC6SKqQ0dAj1Wc
677be0a1bd99b1dff7d240f5	جهاز تنظيف وإزالة دهون البشرة	xr374Ld	220	450	1I2cFu1s2623N7Gh75yBRDZJTYVtyfPw0
6a772024849bf12335b6d6ae	chillmaker | صانعة الثلج والآيس كريم	i6CEz2o	220	400	1-JIsnoAMeQVuAwytWH1mo_aDEGRdsSVg
68ee6101d7c301f2059f7a3f	وسادة التدفئة	YouLXVw	350	520	1QAMkfcNvGyFSIlZkufNA8CWPOY2FpXK1
6a8f1ed5ff4bc0f14e919a12	قناع نضارة الوجه المغناطيسي	G8ACa4s	155	300	1iklwbCBTNa0ztv-Bq6WxLghpmCiNjF8r
6969422a6681b56512c85352	ستارة فوانيس زينة رمضان	a2y963F	115	200	1CoVreDCA5HEPHvTOQvkGNreSo9rBqaCj
6a7110db4d956cf608ff39a7	مصفف الرموش الحراري	jIOON2A	170	300	1-69Q6N4DAsTOVyRQyrfc7CbLZaXsgQUS
6a56bea1ecf12e1a4c0d4a85	باكت 10 قطع مسامير اضافية لمسدس المسامير	G4W6C21	90	120	1hc_DYIL4qd68EJRBLRwogQSBntBNvlgA
65e46bc90e468fed7831342c	مكبس القطايف والسمبوسه	19TD6KE	125	200	1uAHH5-wMWtzonSFX3e0v-PYKP9ndBkB5
69e56db8e7a7da4c93706294	طقم الرياضة المتكامل 3x1	UDfotGC	295	500	1ad7Q0iG_wqUbMAizCOwBX52pwZsWWi6D
68b861186422f463eecce6f9	مخدة مساج الرقبه	23fshAU	510	750	15bWY-zwkMoTAd01Zqs8k2kL4Tjqs-bxc
69de2db1ce9bd0ede80f5116	دورق الزيت كوكر اويل العبقري	UiuOKTY	250	450	1JUzp2R_Pt9aHVN04JU0yv-AKCs7Koe2Q
67214c2ac5e98a1bd2b6df65	وسادة المساج الكهربائية	NVRUMi7	470	700	1qdUt7PR3BQcT7MEADYXD4hgZ_qcb3e_V
6871108cfef172abfc176b9f	أتاري ماريو (620 لعبه)	lsuKB2Y	360	550	1yaFQFZmddPnzP8u9H5efPyLpMPpbaH5E
68a8cbf6189d18298d0cb435	ملمع الخشب beewax polish	imE1N4X	105	200	1FoEm1iewXLp7Wb20l9P4xF18K-tLbTeX
6a8f3b5bff4bc0f14e9b3f95	عرض ثلاث قطع أحزمة تثبيت الملابس المرنة	oZSndTX	190	350	12CTA5XCMKPiEhPywTP9CE7wCTwG-r6Qp
6880c34d8d9f44a8a13b86a2	طقم بطاريات قابله للشحن	CnJ1Bas	110	160	11fgWYEDXFE0ke0Ip9W795v2mPKUvQPRp
690fe8ae9708ca3bf0c021f1	بكرة سلوك اضافيه لقلم الرسم 3d	3g2fAfX	70	100	1jH-EMPRfO0-TlqgQTj0v8OWz6xiG-Izv
67c8709cf55a506a864ec70f	جهاز mp3 سيارة بريموت	SCRMKNy	200	300	1u52DMdShpBpFGxD64qzDRgo01Rw3f1Ed
68dd3bdcd7c301f2058cdafa	ملعب كرة قدم وسلة	1Gl2Fhb	240	490	1uu1f6r4WEE9rKqVXs3U2t1FVPUJwPCvr
697c7753b5607ee12c9bceba	عداد التسبيح الالكتروني	ZGnRiWx	180	300	1-pvfRceT_LUfxRe-hrzmjksTP_gLZbCu
6a857a2c839bd1b43df95d0d	جهاز التمدد واللياقة المتكامل	c2W3ODQ	590	850	1Rck8sSRkXgJswl4zcvYC64qvjyH794Sj
6a8582db839bd1b43dffa855	جهاز التمرين الشامل المنزلي	MQvHbO3	310	500	1Gn4rZoM3tZ5EY945-RC-EKOM1mcKkRcs
68dd4aaad7c301f2058f3fca	لعبة الارنب الشقي	QrFB1fq	205	350	1OCGBaBFoAVOtj_OqHn0x0ejIC0pKTuJI
